{
  "project_info": {
    "project_number": "950935081117",
    "project_id": "fitbuddy-5942a",
    "storage_bucket": "fitbuddy-5942a.appspot.com"
  },
  "client": [
    {
      "client_info": {
        "mobilesdk_app_id": "1:950935081117:android:7a44670231af90db22c474",
        "android_client_info": {
          "package_name": "com.ignitech.fitbuddy"
        }
      },
      "oauth_client": [
        {
          "client_id": "950935081117-lonbe4kkvsd3a3t1apvu4tvtdgu95ogm.apps.googleusercontent.com",
          "client_type": 3
        }
      ],
      "api_key": [
        {
          "current_key": "AIzaSyA0fNL_k5lULihIJP9kNrx56xyYEtdNeWY"
        }
      ],
      "services": {
        "appinvite_service": {
          "other_platform_oauth_client": [
            {
              "client_id": "950935081117-lonbe4kkvsd3a3t1apvu4tvtdgu95ogm.apps.googleusercontent.com",
              "client_type": 3
            }
          ]
        }
      }
    }
  ],
  "configuration_version": "1"
}